k;seed;inf;tim
0;271;0.000000;0.000041
10;252;0.000000;0.336331
20;188;0.000000;0.723915
30;157;0.000300;1.171387
40;236;0.000800;1.685390
