k;seed;inf;tim
0;49;0.000000;0.002563
10;39;0.000000;0.091450
20;28;0.000000;0.212683
30;12;0.000000;0.356901
40;14;0.000000;0.000000
