k;seed;inf;tim
0;18;0.000000;0.000006
10;39;0.000000;0.022086
20;27;0.000000;0.054356
30;13;0.000000;0.091707
