k;seed;inf;tim
0;7;0.000000;0.000005
10;40;0.000000;0.033036
20;28;0.000000;0.079361
30;12;0.000000;0.132549
40;33;0.157106;0.196443
