k;seed;inf;tim
0;21913;2.191300;0.106560
10;49;0.000000;0.301964
20;49;0.000000;0.336743
30;49;0.000000;0.363140
