k;seed;inf;tim
0;49;0.000000;0.002301
10;38;0.000000;0.049632
20;26;0.000000;0.124010
30;13;0.000000;0.220566
