k;seed;inf;tim
0;18;0.000000;0.067149
10;40;0.000000;1.524765
20;27;0.000000;2.973338
30;13;0.000000;4.138691
