k;seed;inf;tim
0;49;0.000000;0.003096
10;39;0.000000;0.100802
20;28;0.000000;0.228234
30;12;0.000000;0.382222
40;23;0.000000;0.000000
