k;seed;inf;tim
0;20;0.000000;0.000015
10;35;0.000000;0.044273
20;27;0.000000;0.105991
30;25;0.000000;0.172399
