k;seed;inf;tim
0;22039;2.203900;0.097958
10;47;0.000000;0.164391
20;49;0.000000;0.211321
30;49;0.000000;0.238571
40;49;0.016410;0.271575
