k;seed;inf;tim
0;49;0.000000;0.002333
10;38;0.000000;0.049817
20;26;0.000000;0.124855
30;13;0.000000;0.222414
