k;seed;inf;tim
0;18;0.000000;0.000013
10;30;0.000000;0.029948
20;11;0.000000;0.068437
30;19;0.000000;0.115919
