k;seed;inf;tim
0;18;0.000000;0.000012
10;30;0.000000;0.029569
20;11;0.000000;0.067639
30;19;0.000000;0.115538
