k;seed;inf;tim
0;20;0.000000;0.000013
10;35;0.000000;0.047667
20;27;0.000000;0.109364
30;25;0.000000;0.175994
