k;seed;inf;tim
0;18;0.000000;0.103339
10;47;0.000000;0.259715
20;49;0.000000;0.395868
30;49;0.000000;0.524417
