k;seed;inf;tim
0;18;0.000000;0.005030
10;30;0.000000;0.118941
20;11;0.000000;0.300532
30;19;0.000000;0.534689
40;44;0.000000;0.000000
