k;seed;inf;tim
0;18;0.000000;0.000008
10;39;0.000000;0.032572
20;27;0.000000;0.088036
30;13;0.000000;0.164986
40;0;0.211238;0.264024
