k;seed;inf;tim
0;18;0.000000;0.000016
10;30;0.000000;0.035932
20;11;0.000000;0.094850
30;19;0.000000;0.174210
