k;seed;inf;tim
0;18;0.000000;0.000016
10;30;0.000000;0.035995
20;11;0.000000;0.093880
30;19;0.000000;0.171003
