k;seed;inf;tim
0;49;0.000000;0.004857
10;38;0.000000;0.094528
20;26;0.000000;0.251747
30;13;0.000000;0.480696
40;176;0.000000;0.000000
