k;seed;inf;tim
0;22;0.000000;0.048052
10;41;0.000000;0.934183
20;28;0.000000;2.102529
30;13;0.000000;3.273350
