k;seed;inf;tim
0;-1;0.000000;0.000001
10;-1;0.000000;0.000013
20;-1;0.000000;0.000019
30;-1;0.000000;0.000025
40;-1;0.000000;0.000032
50;-1;0.000000;0.000038
60;-1;0.000000;0.000044
70;-1;0.000000;0.000051
80;-1;0.000000;0.000057
90;-1;0.000000;0.000063
100;-1;0.000000;0.000070
110;-1;0.000000;0.000076
120;-1;0.000000;0.000082
130;-1;0.000000;0.000091
140;-1;0.000000;0.000097
150;-1;0.000000;0.000103
