k;seed;inf;tim
0;18;0.000000;0.001364
10;163;0.000000;0.092491
20;495;0.000000;0.442688
