k;seed;inf;tim
0;12;24.740000;0.000394
10;496;65.870000;0.013233
20;243;88.010000;0.022384
