k;seed;inf;tim
0;263;15.693080;3.180329
10;66;65.344790;342.737987
20;1;90.138650;888.722836
30;311;107.664720;1539.763722
40;3;120.968670;2258.655825
50;14;133.446020;3025.291393
60;18;147.388370;3837.920105
70;400;159.650160;4695.241192
80;30;170.399390;5592.209724
90;458;181.668310;6513.794739
100;139;192.939670;7461.083017
110;378;203.565440;8425.011801
120;126;212.933730;9399.474858
130;71;221.612010;10387.321630
140;188;229.993710;11378.747334
150;94;238.095570;12369.740733
