k;seed;inf;tim
0;263;17.095710;3.829032
10;150;68.500510;350.128254
20;3;89.744110;891.905243
30;88;103.198760;1515.843397
40;23;120.565200;2209.489496
50;30;137.382670;2987.770854
60;44;152.547680;3832.298521
70;51;165.141060;4728.897326
80;146;177.829540;5663.429720
90;316;188.292190;6623.153429
100;231;199.259530;7607.330168
110;106;208.560890;8607.433963
120;320;217.185640;9615.782152
130;301;226.834490;10630.427331
140;220;236.255200;11652.283321
150;81;245.626070;12676.272041
