k;seed;inf;tim
0;3;27.420000;0.009214
10;2;29.560000;0.103026
20;8;32.970000;0.165455
30;25;33.940000;0.194521
