k;seed;inf;tim
0;267;6.345600;0.168737
10;452;51.493700;7.050824
20;483;78.897400;19.899313
30;495;101.485900;36.870932
40;478;122.186400;57.252778
50;107;138.787800;80.377556
60;491;158.407900;106.007302
70;484;179.379500;134.535900
80;6;199.769500;165.943255
90;252;221.202400;199.976151
100;330;242.329800;236.814433
110;49;262.394800;276.121468
120;379;280.966600;317.559401
130;143;298.528300;360.809531
140;354;315.233200;405.410101
150;16;330.011000;451.134437
