k;seed;inf;tim
0;486;15.524450;2.301871
10;431;99.332370;124.598012
20;91;153.070000;372.051977
30;255;193.936240;700.248000
40;194;230.778200;1094.917686
50;494;256.733900;1537.732364
60;478;271.004860;2008.221241
70;465;279.069250;2487.805857
80;456;296.611080;2974.760334
90;445;325.368240;3488.334901
100;435;344.650790;4031.175406
110;420;355.534270;4585.011540
120;411;363.504570;5141.949365
130;398;369.451030;5698.796770
140;385;374.415750;6253.444692
150;373;378.246920;6803.965238
