k;seed;inf;tim
0;107;2996.004725;0.002093
10;952;3140.424725;58.244998
20;1067;3149.780575;116.895265
30;348;3159.869600;175.599772
40;2406;3169.796925;234.393710
50;3123;3179.646525;293.208907
60;71;3192.878700;352.035702
70;4013;3200.402725;410.908813
80;2427;3209.176750;469.807737
90;1572;3217.971325;528.842871
100;2682;3228.740425;587.868072
