k;seed;inf;tim
0;4038;0.000000;0.006855
10;3766;2148.826600;56.902567
20;582;3110.564425;222.029873
30;952;3145.065375;406.628078
40;219;3157.011975;591.882874
50;1986;3175.008350;777.239552
60;1072;3188.154950;962.693814
70;33;3198.619875;1148.605687
80;2882;3211.123400;1334.589070
90;801;0.029687;0.085938
