k;seed;inf;tim
0;4038;0.000000;0.006752
10;3342;2417.254300;65.281918
20;582;3127.417575;241.476488
30;3059;3159.168275;425.903366
40;1067;3169.619300;611.016360
50;3082;3179.998100;796.017292
60;205;3192.713800;981.044346
70;179;3200.931575;1166.285996
80;157;3210.619400;1351.799158
90;801;0.010937;0.065625
