k;seed;inf;tim
0;3781;0.000000;0.007978
10;3713;156.096175;4.097549
20;3719;218.222200;9.539814
30;3645;283.033525;16.726520
40;3584;347.961550;25.501938
50;3555;435.483200;35.969856
60;3349;529.562575;49.649765
70;3392;690.784300;67.111051
80;656;828.344600;88.866099
90;3278;947.359600;114.538975
100;1249;0.000000;0.000000
