k;seed;inf;tim
0;5880;0.000000;0.011467
10;5784;452.934825;13.888258
20;1029;522.708325;29.057993
30;4113;640.684525;47.346280
40;1014;699.399100;68.211105
50;645;800.476950;91.470044
60;1225;1002.383950;119.161608
70;791;1122.701600;151.034354
80;5461;1307.160900;187.352511
90;3951;1477.353975;229.249254
100;0;0.000000;0.025000
