k;seed;inf;tim
0;5880;0.000000;0.011137
10;5780;471.436500;13.694623
20;1260;555.142775;29.896026
30;3635;625.429675;48.254794
40;2352;723.119950;68.786095
50;5203;818.306475;91.947093
60;643;945.008875;118.420573
70;3247;1088.204100;149.414976
80;1033;1260.724775;184.437821
90;2164;1370.421875;223.909378
100;0;0.000000;0.026562
