k;seed;inf;tim
0;3781;0.000000;0.009621
10;3779;157.864400;5.245774
20;3726;199.843625;11.924010
30;3719;243.186500;19.851223
40;3575;293.291125;29.383186
50;3521;443.431625;41.567412
60;3482;588.175250;59.110925
70;3349;783.624625;83.405003
80;3492;957.401200;114.137874
90;3634;1070.399400;151.981304
100;0;0.000000;0.000000
