k;seed;inf;tim
0;12;0.000000;0.067721
10;274;0.000000;2.288032
