k;seed;inf;tim
0;-1;0.000000;0.000001
10;-1;0.000000;0.000009
20;-1;0.000000;0.000017
30;-1;0.000000;0.000024
40;-1;0.000000;0.000031
50;-1;0.000000;0.000037
60;-1;0.000000;0.000043
70;-1;0.000000;0.000049
80;-1;0.000000;0.000055
90;-1;0.000000;0.000062
100;-1;0.000000;0.000068
110;-1;0.000000;0.000074
120;-1;0.000000;0.000080
130;-1;0.000000;0.000087
140;-1;0.000000;0.000093
150;-1;0.000000;0.000100
