k;seed;inf;tim
0;408;0.083300;30.170320
10;3;0.245500;371.222337
20;9;0.253300;710.993009
30;23;0.272800;1046.171152
40;20;0.309400;1370.770353
